"","CD20.Area","CD20.Het_Score","CD20.Negative_Percent","CD20.Num_Detections","CD20.Num_Negative","CD20.Num_Pos_per_mm_2","CD20.Num_Positive","CD20.Pos_Pixel_Percent","CD20.Positive_Percent","CD27.Area","CD27.Het_Score","CD27.Negative_Percent","CD27.Num_Detections","CD27.Num_Negative","CD27.Num_Pos_per_mm_2","CD27.Num_Positive","CD27.Pos_Pixel_Percent","CD27.Positive_Percent","CD3.Area","CD3.Het_Score","CD3.Negative_Percent","CD3.Num_Detections","CD3.Num_Negative","CD3.Num_Pos_per_mm_2","CD3.Num_Positive","CD3.Pos_Pixel_Percent","CD3.Positive_Percent","CD5.Area","CD5.Het_Score","CD5.Negative_Percent","CD5.Num_Detections","CD5.Num_Negative","CD5.Num_Pos_per_mm_2","CD5.Num_Positive","CD5.Pos_Pixel_Percent","CD5.Positive_Percent","CD8.Area","CD8.Het_Score","CD8.Negative_Percent","CD8.Num_Detections","CD8.Num_Negative","CD8.Num_Pos_per_mm_2","CD8.Num_Positive","CD8.Pos_Pixel_Percent","CD8.Positive_Percent","IL6.Area","IL6.Het_Score","IL6.Negative_Percent","IL6.Num_Detections","IL6.Num_Negative","IL6.Num_Pos_per_mm_2","IL6.Num_Positive","IL6.Pos_Pixel_Percent","IL6.Positive_Percent","PDL1.Area","PDL1.Het_Score","PDL1.Negative_Percent","PDL1.Num_Detections","PDL1.Num_Negative","PDL1.Num_Pos_per_mm_2","PDL1.Num_Positive","PDL1.Pos_Pixel_Percent","PDL1.Positive_Percent","SMA.Area","SMA.Het_Score","SMA.Negative_Percent","SMA.Num_Detections","SMA.Num_Negative","SMA.Num_Pos_per_mm_2","SMA.Num_Positive","SMA.Pos_Pixel_Percent","SMA.Positive_Percent"
"C0_2721_NOOBV4101T",1025027,10,58.91,15582,9180,62.4568913794466,6402,9.603,41.085868309588,2240243,10,68.85,20511,14122,28.5192276016486,6389,8.9446,31.1491394861294,2734959,4,95.88,15227,14599,2.29619529945421,628,0.1884,4.12425297169502,1867969,8,69.32,20605,14283,33.8442447385369,6322,2.5288,30.6818733317156,874832,3,80.54,3026,2437,6.73272125390932,589,0.2356,19.4646397884997,795055,8,83.44,16653,13896,34.6768462559194,2757,1.6542,16.555575571969,2387138,2,28.83,9285,2677,27.6816840919964,6608,5.9472,71.1685514270329,736835,3,41.11,8919,3667,71.2778301790767,5252,2.1008,58.8855252831035
"C9_2721_QCECJ5772H",2405671,1,53.44,14084,7527,27.2564286637699,6557,9.8355,46.5563760295371,1742235,9,55.97,15370,8603,38.8409141131937,6767,9.4738,44.0273259596617,1621403,5,94.98,14514,13786,4.48993865189592,728,0.2184,5.01584676863718,1632208,7,70.61,23278,16436,41.9186770313587,6842,2.7368,29.3925594982387,1293174,2,97.27,19267,18741,4.06751140991081,526,0.2104,2.73005657341568,419239,2,NA,NA,8387,NA,NA,NA,NA,1874903,1,27.89,8855,2470,34.0550951169207,6385,5.7465,72.1061547148504,871066,2,81.12,11254,9129,24.3953959860676,2125,0.85,18.8821752265861
"E4_2721_KNFYL5159D",1283798,4,NA,NA,3491,NA,NA,NA,NA,1078332,9,68.48,21102,14451,61.6785924928501,6651,9.3114,31.5183394938868,1092046,1,97.08,19866,19286,5.31113158236924,580,0.174,2.91956105909594,2045955,6,71.4,23829,17015,33.3047403290884,6814,2.7256,28.5954089554744,1000427,5,97.55,19132,18663,4.68799822475803,469,0.1876,2.4513903407903,2459034,9,50.76,12389,6289,24.8064890522051,6100,3.66,49.237226571959,2201201,5,64.13,17916,11490,29.1931541008749,6426,5.7834,35.8673811118553,2711349,6,62.98,14930,9403,20.3846867371187,5527,2.2108,37.0194239785666
"G5_3420_PORPL4558C",564828,4,70.92,27360,19405,140.839335160438,7955,11.9325,29.0752923976608,1955695,10,NA,NA,2131,NA,NA,NA,NA,390291,8,90.51,15630,14146,38.0229111099154,1484,0.4452,9.49456174024312,2476347,3,28.04,10803,3029,31.393015599187,7774,3.1096,71.9614921780987,2054528,4,82.63,10953,9051,9.25760077253754,1902,0.7608,17.3651054505615,688862,5,90.7,22643,20537,30.5721610424149,2106,1.2636,9.30088769156031,512870,8,47.41,15761,7472,161.619903679295,8289,7.4601,52.59184061925,2666525,4,36.79,5673,2087,13.4482144363919,3586,1.4344,63.2117045654856
"B4_3327_BWDLJ3279D",1096962,1,35.22,10313,3632,60.9045709878738,6681,10.0215,64.7823135847959,1593396,7,73.09,23811,17404,40.2097156011437,6407,8.9698,26.9077317206333,1585514,2,97.04,16624,16132,3.10309464312519,492,0.1476,2.95957651588065,861507,3,NA,NA,11854,NA,NA,NA,NA,2141099,2,94.66,17424,16493,4.34823424792595,931,0.3724,5.34320477502296,2492709,1,99.79,4791,4781,0.0401169972106652,10,0.006,0.208724692131079,1126173,5,22.56,8168,1843,56.1636622437228,6325,5.6925,77.4363369245837,1568829,1,55.49,23516,13050,66.7121783189882,10466,4.1864,44.5058683449566
"B7_3327_MXUZC4909D",2200437,5,70.81,19938,14119,26.4447471115965,5819,8.7285,29.1854749724145,198439,2,73.36,21161,15524,284.067144059384,5637,7.8918,26.6386276640991,2487069,10,85,24433,20767,14.7402424299446,3666,1.0998,15.0042974665412,2949333,3,74.39,22523,16754,19.5603548327707,5769,2.3076,25.6138169870799,669004,8,71.43,13404,9574,57.24928401026,3830,1.532,28.5735601313041,780289,5,99.75,5192,5179,0.166604937401399,13,0.0078,0.250385208012327,1280775,3,24.89,7104,1768,41.662274794558,5336,4.8024,75.1126126126126,2787490,8,77.78,21285,16555,16.968670739626,4730,1.892,22.2222222222222
"D8_3327_BGXMM2195Q",1924396,10,52.69,11049,5822,27.1617691992708,5227,7.8405,47.3074486378858,1453218,8,71.1,19966,14196,39.7049857626316,5770,8.078,28.8991285184814,2178393,8,86.36,22916,19791,14.3454372099066,3125,0.9375,13.636760342119,2465678,9,43.11,9930,4281,22.9105341411166,5649,2.2596,56.8882175226586,371025,6,83.92,23212,19480,100.58621386699,3732,1.4928,16.0778907461658,774445,9,99.73,9286,9261,0.322811820077604,25,0.015,0.269222485461986,1000127,7,75.53,22469,16971,54.9730184266598,5498,4.9482,24.4692687703058,2611339,10,45.7,15957,7292,33.1822103526199,8665,3.466,54.3021871279063
"F9_3327_LHCXZ5361Y",1009391,2,56.27,12726,7161,55.1322530119646,5565,8.3475,43.7293729372937,2087732,6,39.56,9246,3658,26.7658875756084,5588,7.8232,60.4369457062514,1454665,7,50.88,6775,3447,22.8781197045368,3328,0.9984,49.1217712177122,1338206,7,57.28,11861,6794,37.864125553166,5067,2.0268,42.7198381249473,1252496,9,80.07,14980,11995,23.8324114408349,2985,1.194,19.9265687583445,892494,1,99.92,8640,8633,0.0784318998222957,7,0.0042,0.0810185185185185,263523,9,76.62,21958,16825,194.783757015517,5133,4.6197,23.3764459422534,2208054,5,43.1,11530,4969,29.7139472132475,6561,2.6244,56.9037294015611
"B0_2253_QJGGD5425K",615852,8,66.68,20608,13742,111.487824996915,6866,10.299,33.3171583850932,2660843,3,74.67,25768,19241,24.5298200607852,6527,9.1378,25.3298665010866,882087,1,98.86,4812,4757,0.623521262641894,55,0.0165,1.14297589359934,2371235,10,53.41,14006,7481,27.5173063825391,6525,2.61,46.5871769241754,1381678,5,92.32,7445,6873,4.13989366552844,572,0.2288,7.68300873069174,257472,9,99.19,3687,3657,1.16517524235645,30,0.018,0.813669650122051,1160979,5,58.67,15789,9264,56.2025669714956,6525,5.8725,41.3262397871936,397213,4,NA,NA,10671,NA,NA,NA,NA
"B8_2253_EGGOJ0399D",1764327,3,28.33,7726,2189,31.3830712787369,5537,8.3055,71.667098110277,1653267,7,77.9,23295,18146,31.1443947045456,5149,7.2086,22.1034556771839,1044558,10,76.99,16813,12945,37.0300165237354,3868,1.1604,23.0060072562898,2825970,4,45.13,9357,4223,18.1672133815999,5134,2.0536,54.8680132521107,1713719,7,85.9,21588,18544,17.7625386659073,3044,1.2176,14.100426162683,2749001,1,NA,NA,15078,NA,NA,NA,NA,2839481,7,74.09,21270,15758,19.4119981785404,5512,4.9608,25.9144334743771,1961138,8,95.05,19482,18518,4.91551333970378,964,0.3856,4.94815727338056
"E5_2253_ELFBU1059U",1908401,2,23.78,7646,1818,30.5386551358965,5828,8.742,76.2228616269945,2432477,4,72.79,20450,14886,22.8738031233183,5564,7.7896,27.2078239608802,2843544,8,NA,NA,1826,NA,NA,NA,NA,1817180,3,64.8,15492,10039,30.0080344269693,5453,2.1812,35.1988122902143,2261289,10,85.14,22476,19136,14.7703367415664,3340,1.336,14.8602954262324,1284017,5,99.83,10715,10697,0.140185059855127,18,0.0108,0.167988800746617,2113234,7,46.25,10507,4860,26.7220762111531,5647,5.0823,53.7451222994194,1695385,10,NA,NA,506,NA,NA,NA,NA
"E7_2253_TTMRG5205C",447740,4,75.63,21309,16115,116.004824228347,5194,7.791,24.374677366371,2784468,8,59.29,13875,8226,20.287537870789,5649,7.9086,40.7135135135135,2317374,7,84.42,23610,19932,15.8714130735911,3678,1.1034,15.5781448538755,838623,8,36.34,9246,3360,70.1864842724323,5886,2.3544,63.659961064244,2584032,7,84.16,20372,17146,12.4843655186933,3226,1.2904,15.8354604358924,1212811,8,99.88,7470,7461,0.0742077702131659,9,0.0054,0.120481927710843,2320182,7,77.63,22180,17218,21.3862533197827,4962,4.4658,22.3715058611362,1732353,10,67.35,7753,5222,14.6101862611142,2531,1.0124,32.645427576422
"F1_2253_JLEYL2454W",2050127,3,79.14,24782,19613,25.2130721657731,5169,7.7535,20.8578807198773,2448164,10,34.73,8860,3077,23.6217835079676,5783,8.0962,65.2708803611738,2119729,8,82.26,17430,14338,14.5867702899757,3092,0.9276,17.7395295467585,2141674,7,59.59,12518,7460,23.6170397548833,5058,2.0232,40.4058156254993,1098243,6,82.02,19845,16277,32.4882562420157,3568,1.4272,17.9793398841018,2162707,2,99.31,2598,2580,0.0832290273254768,18,0.0108,0.69284064665127,226804,5,62.04,14334,8893,239.898767217509,5441,4.8969,37.9586995953677,1886896,4,91.72,16424,15064,7.20760444666797,1360,0.544,8.28056502679006
"G3_2253_AGLUZ4361L",2855058,5,46.95,11101,5212,20.6265511944066,5889,8.8335,53.0492748401045,260981,5,56.83,12878,7318,213.042328751901,5560,7.784,43.174405963659,2614112,6,73.71,11782,8684,11.8510607043616,3098,0.9294,26.2943473094551,1119988,1,62.17,15434,9595,52.1344871552195,5839,2.3356,37.8320590903201,2408021,10,29.34,5328,1563,15.6352457059137,3765,1.506,70.6644144144144,849675,2,99.92,18148,18134,0.164768882219672,14,0.0084,0.0771434868856072,1499435,7,35.34,8005,2829,34.5196690753517,5176,4.6584,64.6595877576515,1865988,1,68.18,17370,11842,29.6250565384129,5528,2.2112,31.824985607369
"D3_4012_RLVPD0718U",2224635,5,61.13,6764,4135,11.8176689659203,2629,3.9435,38.8675340035482,1041587,7,97.24,6439,6261,1.70893069901986,178,0.2492,2.76440441062277,1087898,1,82.16,24198,19882,39.6728369755253,4316,1.2948,17.8361848086619,400730,6,93.8,3805,3569,5.88925211489032,236,0.0944,6.2023653088042,2408742,5,NA,NA,8763,NA,NA,NA,NA,1677934,3,62.47,17570,10976,39.2983275861863,6594,3.9564,37.5298804780876,1336927,10,77.9,4099,3193,6.77673500497783,906,0.8154,22.1029519394974,2418231,5,22.22,10453,2323,33.6196169844816,8130,3.252,77.7767148187123
"G5_4012_NFKLW1627W",796283,7,47.4,24699,11707,163.158073197594,12992,19.488,52.6013198914936,2851512,2,79.06,850,672,0.624230232943084,178,0.2492,20.9411764705882,2389271,1,66.62,13096,8725,18.2942830679316,4371,1.3113,33.3766035430666,1718001,2,95.81,5638,5402,1.3736895380154,236,0.0944,4.18588151826889,1598713,2,33.39,6434,2148,26.8090645412904,4286,1.7144,66.6148585638794,1433739,8,NA,NA,18151,NA,NA,NA,NA,2634671,9,92.62,12277,11371,3.43875952633175,906,0.8154,7.37965300969292,2275330,9,67.21,15133,10171,21.8078256780335,4962,1.9848,32.78926848609
"B7_2955_UZBXO2349T",621517,3,10.32,7391,763,106.642296188198,6628,9.942,89.6766337437424,566192,5,49.41,13142,6494,117.416000226072,6648,9.3072,50.5859077765941,1128220,2,76.58,17575,13459,36.4822463703888,4116,1.2348,23.4196301564723,2623412,7,54.09,14493,7839,25.3639153895766,6654,2.6616,45.9118194990685,2440497,5,NA,NA,20010,NA,NA,NA,NA,1107449,4,99.37,15553,15455,0.884916596610769,98,0.0588,0.630103517006365,1478127,9,67.17,20612,13846,45.7741452527422,6766,6.0894,32.8255385212498,2320405,1,65.72,14873,9774,21.9746121905443,5099,2.0396,34.283601156458
"A3_3794_TDORB3009B",2391097,2,88.7,23265,20636,10.9949533624106,2629,3.9435,11.3002364066194,384196,8,99.13,20469,20291,4.6330518797697,178,0.2492,0.869607699447946,2339803,4,94.17,10732,10106,2.67543891515653,626,0.1878,5.83302273574357,1630465,4,96.76,7288,7052,1.44743984078162,236,0.0944,3.23819978046103,2741288,4,86.22,3375,2910,1.6962829151844,465,0.186,13.7777777777778,1785658,4,99.95,15870,15862,0.0448014121405107,8,0.0048,0.0504095778197858,586450,7,90.49,9523,8617,15.4488873731776,906,0.8154,9.51380867373727,1111755,3,63.28,1348,853,4.45241982271274,495,0.198,36.7210682492582
"B1_3794_PUFCU2674F",384926,5,76.21,11053,8424,68.2988418553176,2629,3.9435,23.7853976296028,705903,1,96.13,4599,4421,2.52159291007405,178,0.2492,3.87040661013264,298153,7,82.89,21179,17555,121.548332567507,3624,1.0872,17.1112894848671,397830,9,96.04,5956,5720,5.93218208782646,236,0.0944,3.96239086635326,1443724,9,79.7,15488,12344,21.7770155514489,3144,1.2576,20.2995867768595,1353727,8,99.77,9733,9711,0.162514303105427,22,0.0132,0.226035138189664,159698,8,95.38,19624,18718,56.7320818044058,906,0.8154,4.61679576029352,2721556,1,48.31,13348,6449,25.3494692007072,6899,2.7596,51.6856457896314
"E2_3794_XXXEM0348T",864633,2,88.02,21954,19325,30.4059641489511,2629,3.9435,11.975038717318,1616221,3,98.94,16859,16681,1.10133453283926,178,0.2492,1.05581588469067,880885,8,67.65,9132,6178,33.5344568246706,2954,0.8862,32.3477879982479,2165057,5,98.47,15449,15213,1.09004058553655,236,0.0944,1.52760696485209,2019453,7,80.57,19053,15351,18.3316967515461,3702,1.4808,19.4300110218863,1219309,9,99.71,6452,6433,0.155825963722075,19,0.0114,0.294482331060136,868231,1,95.27,19135,18229,10.435010959065,906,0.8154,4.73477920041808,2306476,8,78.74,24842,19560,22.9007368817191,5282,2.1128,21.2623782304162
"G6_3794_CXEGD4905Y",842177,8,62.61,7032,4403,31.2167157260291,2629,3.9435,37.3862343572241,424853,9,96,4453,4275,4.18968443202708,178,0.2492,3.99730518751404,2070668,10,80.44,18928,15226,17.8782885522933,3702,1.1106,19.5583262890955,671213,2,98.56,16395,16159,3.51602248466582,236,0.0944,1.43946325099116,747654,10,55.51,8134,4515,48.4047433705966,3619,1.4476,44.4922547332186,1383722,2,99.67,2736,2727,0.0650419665221771,9,0.0054,0.328947368421053,1036031,5,NA,NA,6054,NA,NA,NA,NA,1533295,4,81.24,22562,18329,27.6072119194284,4233,1.6932,18.7616346068611
"B3_2667_TYBGO9859Z",790260,2,57.98,18228,10569,96.9174701996811,7659,11.4885,42.0177748518762,1228920,5,68.17,24913,16984,64.5200663997657,7929,11.1006,31.8267571147594,1855876,6,89.16,17816,15884,10.4101782662204,1932,0.5796,10.8441850022452,1890151,10,66.92,24465,16372,42.8166850161707,8093,3.2372,33.0799100756182,842078,5,89.87,20770,18665,24.9976843000292,2105,0.842,10.1348098218585,1353850,4,99.93,12035,12026,0.0664770838719208,9,0.0054,0.0747818861653511,2413266,2,NA,NA,9787,NA,NA,NA,NA,2156785,9,86.03,16625,14302,10.7706609606428,2323,0.9292,13.9729323308271
"E4_2667_ERXWG2819T",2586778,2,50.38,13687,6895,26.2566018421372,6792,10.188,49.6237305472346,1132596,7,13.9,7532,1047,57.257839512059,6485,9.079,86.0993096123208,2061774,4,99.34,11041,10968,0.354064024476009,73,0.0219,0.661171995290282,2235501,6,72.3,22751,16448,28.1950220554587,6303,2.5212,27.7042767350886,2440364,1,93.77,12578,11795,3.20853774273018,783,0.3132,6.2251550325966,1581463,10,99.25,3608,3581,0.170727990474643,27,0.0162,0.748337028824834,903798,8,30.92,9645,2982,73.722225541548,6663,5.9967,69.0824261275272,212606,9,80.21,13847,11107,128.876889645636,2740,1.096,19.7876796417997
"F5_2667_KKZCF0053Q",243798,5,NA,NA,16480,NA,NA,NA,NA,2625794,8,69.66,16307,11359,18.8438240014259,4948,6.9272,30.342797571595,1579987,7,22.19,4778,1060,23.5318391860186,3718,1.1154,77.8149853495186,1168817,5,49.86,11311,5640,48.5191437153977,5671,2.2684,50.1370347449386,254258,7,73.81,11432,8438,117.754406940981,2994,1.1976,26.1896431070679,1556215,8,99.94,14209,14200,0.0578326259546399,9,0.0054,0.0633401365331832,797622,8,75.44,22737,17152,70.0206363415252,5585,5.0265,24.5634868276378,1330674,6,91.78,19321,17733,11.9338019680252,1588,0.6352,8.21903628176595
"F8_2667_BLMAF6990C",1658683,1,52.6,12060,6344,34.4610754435899,5716,8.574,47.3963515754561,1447833,10,62.46,14290,8926,37.0484717505403,5364,7.5096,37.5367389783065,2374010,6,53.42,6372,3404,12.502053487559,2968,0.8904,46.5787821720025,2170805,10,66.02,15993,10558,25.036795105963,5435,2.174,33.9836178328018,2611140,8,46.68,19668,9181,40.1625343719601,10487,4.1948,53.3201138905837,2476916,6,99.66,7351,7326,0.100931965395678,25,0.015,0.340089783702898,2733197,2,70.61,17715,12508,19.0509502242246,5207,4.6863,29.3931696302568,1449192,4,99.65,14100,14050,0.345019845541516,50,0.02,0.354609929078014
"B4_3970_EQQRK0728Z",751861,9,43.13,14210,6129,107.479973026929,8081,12.1215,56.8684025334272,986904,8,9.29,8405,781,77.2516881074552,7624,10.6736,90.7079119571683,1388185,8,84.96,14192,12058,15.3725908290322,2134,0.6402,15.0366403607666,1420017,9,50.74,15376,7802,53.3373896228003,7574,3.0296,49.2585848074922,2075251,7,86.03,14573,12537,9.81086143314712,2036,0.8144,13.9710423385713,2115632,9,68.75,5514,3791,8.14413848911342,1723,1.0338,31.2477330431629,410248,6,49.67,16032,7963,196.685907061095,8069,7.2621,50.3305888223553,214124,3,91.09,20243,18439,84.2502475201285,1804,0.7216,8.9117225707652
"C2_3970_WMCNZ1665R",751702,7,63.8,18240,11638,87.8273571175812,6602,9.903,36.1951754385965,2840843,7,64.25,19099,12272,24.0315990711208,6827,9.5578,35.7453269804702,1312010,5,99.04,17996,17824,1.31096561764011,172,0.0516,0.955767948432985,1850538,5,74.04,25430,18829,35.6707076536661,6601,2.6404,25.957530475816,649615,4,95.9,16749,16062,10.5754947161011,687,0.2748,4.10173741715923,1099942,6,94.23,11218,10571,5.88212833040288,647,0.3882,5.76751649135318,2754564,3,NA,NA,5514,NA,NA,NA,NA,2592122,3,80.68,23914,19295,17.8193773286905,4619,1.8476,19.315045579995
"D0_3970_TKWDM8505M",801785,3,75.26,22171,16686,68.4098604987621,5485,8.2275,24.7395246042127,2547752,6,78.6,24947,19609,20.9518037862398,5338,7.4732,21.3973624083056,2030713,8,78.51,13837,10863,14.6451024837089,2974,0.8922,21.493098214931,2233022,9,73.35,19273,14136,23.0046994610891,5137,2.0548,26.65386810564,317300,8,33.79,5318,1797,110.967538606997,3521,1.4084,66.2091011658518,2213830,2,63.33,21489,13610,35.5899052772796,7879,4.7274,36.6652706035646,649542,10,53.3,12031,6413,86.4917126221245,5618,5.0562,46.6960352422907,333165,4,70.33,16135,11347,143.712574850299,4788,1.9152,29.6746203904555
"D3_3970_PYOEL4576E",872987,8,79.37,24098,19126,56.9538836202601,4972,7.458,20.6324176280189,152966,6,55.89,13291,7429,383.222415438725,5862,8.2068,44.1050334813031,1461376,6,81.87,17289,14155,21.4455417360077,3134,0.9402,18.1271328590433,2794334,7,65.37,16107,10529,19.9618227455988,5578,2.2312,34.6309058173465,928604,8,86.19,23625,20363,35.1279985871265,3262,1.3048,13.8074074074074,152947,1,94.33,15231,14368,56.4247745951212,863,0.5178,5.66607576652879,551214,6,74.23,19223,14270,89.8562082965962,4953,4.4577,25.766009467825,2202016,10,58.56,13280,7777,24.990735762138,5503,2.2012,41.4382530120482
"G1_3970_JHKBK7019V",910144,4,71.83,17578,12626,54.4089726460868,4952,7.428,28.1715781089999,405222,8,77.58,25337,19657,140.170079610683,5680,7.952,22.4178079488495,259748,6,30.22,5345,1615,143.600720698523,3730,1.119,69.7848456501403,2439959,6,NA,NA,18296,NA,NA,NA,NA,2438744,8,66.39,9551,6341,13.1625131625132,3210,1.284,33.6090461731756,1139081,4,75.41,10140,7647,21.8860642921794,2493,1.4958,24.585798816568,195133,9,78.15,23810,18608,266.587404488221,5202,4.6818,21.8479630407392,936273,4,NA,NA,13738,NA,NA,NA,NA
"A2_3195_YMVFT2597P",681457,6,38.43,13475,5179,121.739155955548,8296,12.444,61.5658627087198,989305,7,68.6,25447,17457,80.7637685041519,7990,11.186,31.3985931543993,1633889,7,83.82,12732,10672,12.6079556199962,2060,0.618,16.1797046811184,857481,5,20.26,12688,2570,117.996783602202,10118,4.0472,79.7446406052963,882900,7,91.09,19304,17584,19.4812549552611,1720,0.688,8.91007045171985,132254,9,99.73,10604,10575,2.19275031379013,29,0.0174,0.273481705016975,759512,3,41.33,14082,5820,108.780374766956,8262,7.4358,58.6706433745207,2480796,1,74.49,26703,19891,27.4589285052056,6812,2.7248,25.5102422948732
"C3_3195_ECWWB0224D",242701,8,68.7,17175,11800,221.465918970256,5375,8.0625,31.2954876273654,2306586,6,71.99,20083,14457,24.3910263913854,5626,7.8764,28.0137429666882,2225302,9,49.75,20596,10246,46.510541041171,10350,3.105,50.2524762089726,548900,1,76.02,22740,17286,99.362361085808,5454,2.1816,23.9841688654354,1970282,6,81.68,18934,15466,17.6015413022095,3468,1.3872,18.3162564698426,1501542,4,99.08,2813,2787,0.173155329654449,26,0.0156,0.924280127977248,1455316,3,77.48,26055,20187,40.3211398761506,5868,5.2812,22.5215889464594,1693941,9,NA,NA,8240,NA,NA,NA,NA
"C7_3195_UJETH6004X",1910149,9,43.8,9309,4077,27.3905334086503,5232,7.848,56.2036738640026,1847217,7,78.25,23424,18330,27.5766193143523,5094,7.1316,21.7469262295082,368962,10,80.72,16724,13499,87.4073752852597,3225,0.9675,19.2836641951686,411281,6,71.5,18619,13312,129.035865989433,5307,2.1228,28.5031419517697,2206543,7,NA,NA,10825,NA,NA,NA,NA,1213556,3,99.81,15361,15332,0.238967134602771,29,0.0174,0.188789792331228,376629,9,56.91,12311,7006,140.854793443946,5305,4.7745,43.0915441475104,2214969,3,53.71,9158,4919,19.1379653620434,4239,1.6956,46.2873989954138
"A7_2690_PXSTF0999M",317037,1,NA,NA,8951,NA,NA,NA,NA,2698512,9,69.51,17386,12085,19.6441594478735,5301,7.4214,30.4900494650869,1172357,7,32.96,4909,1618,28.0716539415895,3291,0.9873,67.0401303727847,1473512,7,NA,NA,15175,NA,NA,NA,NA,2090439,9,82.07,21419,17579,18.3693472997777,3840,1.536,17.9280078435034,1802432,9,98.18,20261,19893,2.04168589993964,368,0.2208,1.81629731997433,2621547,2,71.09,17355,12338,19.1375550390666,5017,4.5153,28.9080956496687,2270293,2,56.07,19148,10737,37.0480814590892,8411,3.3644,43.9262586170879
"C6_2690_CFUFY5841D",380593,2,71.85,19265,13841,142.514444564141,5424,8.136,28.1546846613029,1056554,6,44.36,9162,4064,48.2512015476729,5098,7.1372,55.6428727352107,1531452,9,62.8,9486,5957,23.0434907525668,3529,1.0587,37.202192705039,1733742,3,47.71,11026,5261,33.2517756390513,5765,2.306,52.2855069834936,1483697,10,47.76,7172,3425,25.2544825527045,3747,1.4988,52.244841048522,1417021,6,97.05,19599,19020,4.08603683361079,579,0.3474,2.95423235879382,541465,4,NA,NA,5484,NA,NA,NA,NA,2574560,7,77.19,16751,12930,14.8413709527065,3821,1.5284,22.810578472927
"E0_2690_CDDBG1201W",1904230,8,56.07,12972,7273,29.9281074239982,5699,8.5485,43.9330866481653,618996,5,69.59,16391,11406,80.5336383433819,4985,6.979,30.4130315416997,952138,10,63.25,10415,6587,40.2042561057326,3828,1.1484,36.7546807489198,2645162,9,58.97,21740,12819,33.7257226589525,8921,3.5684,41.0349586016559,703816,6,39.28,14913,5858,128.655785034725,9055,3.622,60.7188359149735,674192,6,58.24,18245,10626,113.009350452097,7619,4.5714,41.7593861331872,1862329,1,45.17,9366,4231,27.5730013332768,5135,4.6215,54.8259662609438,2133359,5,45.9,12674,5817,32.1418007939592,6857,2.7428,54.102887801799
"B9_2958_PFBPH9670F",2869364,1,80.98,13824,11195,9.16230913888931,2629,3.9435,19.017650462963,534509,10,40.71,14953,6087,165.87185622693,8866,12.4124,59.2924496756504,2763306,5,99.15,11782,11682,0.361885364849206,100,0.03,0.848752334068919,1127821,5,98.08,12292,12056,2.09253064094391,236,0.0944,1.91994793361536,2784867,3,97.22,16128,15680,1.60869441879989,448,0.1792,2.77777777777778,2741135,3,99.4,17610,17504,0.386701129276741,106,0.0636,0.601930721181147,1966098,4,71.52,3181,2275,4.60811210834862,906,0.8154,28.4816095567432,1402356,8,34.5,2846,982,13.2919173162877,1864,0.7456,65.4954321855235
"C3_3437_GLZWR7424Z",1809436,3,67.8,8164,5535,14.5293892682582,2629,3.9435,32.2023517883391,2735081,6,98.74,14159,13981,0.650803394853754,178,0.2492,1.25715092873791,736634,2,99.82,17679,17648,0.420833141017113,31,0.0093,0.175349284461791,1535780,8,98.48,15483,15247,1.53667843050437,236,0.0944,1.5242524058645,519575,4,85.17,4773,4065,13.6265216763701,708,0.2832,14.833438089252,858229,6,NA,NA,8685,NA,NA,NA,NA,548710,8,87.11,7026,6120,16.511454137887,906,0.8154,12.8949615713066,2792466,7,46.56,9924,4621,18.9903834102188,5303,2.1212,53.4361144699718
"D6_3437_GZEHF6787R",429455,2,44.7,4754,2125,61.2171240292929,2629,3.9435,55.3007993268826,2547102,6,98.03,9025,8847,0.6988334193134,178,0.2492,1.97229916897507,2232160,10,80.24,15873,12737,14.0491721023583,3136,0.9408,19.7568197568198,129388,2,98.62,17129,16893,18.2397131109531,236,0.0944,1.37778037246774,291240,6,46.24,6470,2992,119.420409284439,3478,1.3912,53.7557959814529,234381,5,38.63,7109,2746,186.149901229195,4363,2.6178,61.3729075819384,410024,10,95.55,20356,19450,22.0962675355589,906,0.8154,4.45077618392612,2783840,4,89.39,13971,12489,5.32358181504684,1482,0.5928,10.6076873523728
"E4_3437_YDTWP4771V",205735,2,47.52,21741,10332,554.548326730989,11409,17.1135,52.4768869877191,1277073,5,99.06,18926,18748,1.3938122566212,178,0.2492,0.940505125224559,2254657,7,78.91,10174,8028,9.51807747253795,2146,0.6438,21.092982111264,2496189,7,98.37,14489,14253,0.945441230611945,236,0.0944,1.628821864863,1110831,6,76.86,8477,6515,17.6624527043268,1962,0.7848,23.1449805355668,2869244,7,89.22,12107,10802,4.54823639955333,1305,0.783,10.778888246469,898830,1,94.68,17042,16136,10.0797703681453,906,0.8154,5.31627743222626,833865,10,79.79,16657,13290,40.3782386837198,3367,1.3468,20.2137239598967
"F8_3437_BJHAD3557S",2253634,6,71.46,9211,6582,11.6656031990998,2629,3.9435,28.541960699164,1672799,4,98.79,14684,14506,1.06408480636347,178,0.2492,1.21220375919368,1893263,5,NA,NA,509,NA,NA,NA,NA,1878885,2,97.63,9971,9735,1.25606410184764,236,0.0944,2.36686390532544,1985299,7,91,17122,15581,7.76205498516848,1541,0.6164,9.00011680878402,1409391,9,50.07,9095,4554,32.2195898796005,4541,2.7246,49.9285321605278,2461213,4,91.49,10642,9736,3.68111171198917,906,0.8154,8.51343732381131,1175834,5,78.45,15940,12505,29.2133073205912,3435,1.374,21.5495608531995
"A3_3115_OQZHI1305Z",1799444,3,80.04,13170,10541,14.6100684433636,2629,3.9435,19.9620349278664,2380619,3,97.42,6897,6719,0.747704693611199,178,0.2492,2.58083224590402,951592,10,NA,NA,4147,NA,NA,NA,NA,225806,7,95.08,4798,4562,10.4514494743275,236,0.0944,4.91871613172155,2302823,6,51.98,8894,4623,18.5468010350774,4271,1.7084,48.0211378457387,1718195,8,87.14,14809,12904,11.0872165266457,1905,1.143,12.8637990411236,2057574,10,95.66,20872,19966,4.40324382014936,906,0.8154,4.34074357991568,2445820,7,75.07,21047,15800,21.4529278524176,5247,2.0988,24.9299187532665
"F4_3115_GXIMR6062B",2876971,7,88.08,22063,19434,9.13808307417767,2629,3.9435,11.915877260572,2634571,9,NA,NA,1874,NA,NA,NA,NA,1266835,10,78.64,20366,16016,34.3375419845521,4350,1.305,21.359127958362,862608,4,NA,NA,14153,NA,NA,NA,NA,2191394,8,55.41,24335,13484,49.5164265303273,10851,4.3404,44.5900965687282,872743,4,49.95,24988,12481,143.306792492177,12507,7.5042,50.0520249719866,1178175,6,91.68,10891,9985,7.68985931631549,906,0.8154,8.3187953355982,220167,8,73.3,5587,4095,67.7667407013767,1492,0.5968,26.7048505459101
"A5_2691_PIBDO3005K",1982820,6,74.98,25115,18830,31.6972796320392,6285,9.4275,25.0248855265777,2520820,2,NA,NA,19414,NA,NA,NA,NA,2111835,3,14.75,4991,736,20.1483543932173,4255,1.2765,85.2534562211982,1036774,5,73.49,23716,17428,60.6496690696333,6288,2.5152,26.5137459942655,1744078,2,77.26,18630,14394,24.2879045547275,4236,1.6944,22.7375201288245,2788037,2,99.89,17941,17921,0.0717350594701577,20,0.012,0.111476506326292,507345,8,48.7,12419,6048,125.57529885975,6371,5.7339,51.3004267654401,2880429,8,64.01,14459,9255,18.0667532509914,5204,2.0816,35.9914240265579
"A7_2691_DJZMK1931L",1109981,5,73.26,19467,14262,46.8926945596366,5205,7.8075,26.7375558637695,1327738,10,70.85,17731,12562,38.9308734102662,5169,7.2366,29.1523320737691,2059313,9,20.94,5267,1103,20.2203356167809,4164,1.2492,79.0582874501614,267044,9,69.95,17194,12028,193.451266457962,5166,2.0664,30.0453646620914,388845,6,50.4,25183,12691,321.259113528527,12492,4.9968,49.6048921891752,1627175,2,99.91,14492,14479,0.0798930662036966,13,0.0078,0.0897046646425614,1798227,6,22.29,7547,1682,32.6154595610009,5865,5.2785,77.7129985424672,1413144,4,76.89,16494,12683,26.9682353673794,3811,1.5244,23.1053716502971
"E1_2691_SPYSW2425V",342814,10,66.24,16814,11138,165.570834329987,5676,8.514,33.7575829665755,668327,10,61.74,14259,8803,81.6366838388992,5456,7.6384,38.2635528438179,1698309,10,78.81,20833,16419,25.9905588441208,4414,1.3242,21.187539000624,1279647,1,66.97,16205,10853,41.824034284455,5352,2.1408,33.0268435668004,164442,8,80.69,22252,17956,261.247126646477,4296,1.7184,19.3061297860866,254408,3,NA,NA,17548,NA,NA,NA,NA,1579428,1,69.59,18927,13171,36.4435732429715,5756,5.1804,30.4115813388281,1757429,2,42.19,8513,3592,28.0011311979033,4921,1.9684,57.8057089157759
"E8_2691_NVIMN2788B",1295927,8,NA,NA,18227,NA,NA,NA,NA,239580,7,77.94,23179,18066,213.415143167209,5113,7.1582,22.0587600845593,1893038,10,80.82,22530,18209,22.8257435931027,4321,1.2963,19.1788726142921,793738,2,NA,NA,7210,NA,NA,NA,NA,2130973,9,71.42,14765,10545,19.8031603403703,4220,1.688,28.5811039620725,2722785,2,10.9,14095,1537,46.1218935758791,12558,7.5348,89.0954239091877,1755222,2,75.53,20580,15545,28.6858300545458,5035,4.5315,24.4655004859086,388162,2,47.54,9462,4498,127.884749151128,4964,1.9856,52.4624815049672
"F6_2691_BUMSR5753N",2551654,4,52.89,26745,14146,49.3758166271759,12599,18.8985,47.1078706300243,1703569,10,78.04,22509,17565,29.0214250200608,4944,6.9216,21.9645475143276,669997,7,72.52,15630,11335,64.1047646481999,4295,1.2885,27.4792066538708,2685602,8,76.52,21057,16112,18.4130038628211,4945,1.978,23.4838770955027,2881369,6,39.26,7208,2830,15.1941663841042,4378,1.7512,60.7380688124306,2876119,7,99.94,16343,16334,0.0312921683699457,9,0.0054,0.0550694486936303,955118,7,79.07,25902,20481,56.7573849513882,5421,4.8789,20.9288858003243,227097,7,38.47,4445,1710,120.433118887524,2735,1.094,61.5298087739033
"B6_3218_JZUYO4665V",1159752,9,16.69,8123,1356,58.3486814422394,6767,10.1505,83.3066601009479,458089,7,75,24951,18714,136.152581703555,6237,8.7318,24.9969941084526,1897562,4,65.6,12070,7918,21.8807079821371,4152,1.2456,34.3993371996686,845378,9,66.34,19686,13060,78.3791392726094,6626,2.6504,33.6584374682515,894898,2,69.62,13678,9523,46.4298724547379,4155,1.662,30.3772481356924,2720705,5,99.25,14723,14613,0.404306971906179,110,0.066,0.74713034028391,2512779,7,29.27,9475,2773,26.67166511659,6702,6.0318,70.7335092348285,866177,6,69.8,12154,8484,42.3700929486698,3670,1.468,30.1958203060721
"D3_3218_KBJKI9373Y",1573355,9,74.68,25517,19055,41.0714682954578,6462,9.693,25.3242936081828,1266412,10,70.9,23364,16565,53.6871097241656,6799,9.5186,29.100325286766,1269603,1,36.69,6974,2559,34.7746500283947,4415,1.3245,63.3065672497849,729648,3,12.94,7185,930,85.7262680086836,6255,2.502,87.0563674321503,196254,5,81.38,23299,18961,221.040080711731,4338,1.7352,18.6188248422679,266569,6,99.39,15292,15198,3.52629150426344,94,0.0564,0.614700496991891,2859068,3,41.47,11313,4692,23.157896209534,6621,5.9589,58.52559002917,2765801,8,80.77,21616,17460,15.0263883771826,4156,1.6624,19.2264988897113
"F7_2712_AIJPS0710E",1537146,2,78.41,12179,9550,17.1031248820867,2629,3.9435,21.586337137696,1700955,1,NA,NA,4145,NA,NA,NA,NA,1111677,7,88.77,17803,15803,17.9908372665801,2000,0.6,11.2340616749986,1522447,1,98.58,16580,16344,1.55013606384984,236,0.0944,1.42340168878166,209509,8,74.8,8215,6145,98.8024380814189,2070,0.828,25.1978088861838,778970,10,99.74,20477,20423,0.693223102301757,54,0.0324,0.263710504468428,2508853,4,91.96,11271,10365,3.61121197615006,906,0.8154,8.03832845355337,2857295,6,68.59,24868,17056,27.3405441160258,7812,3.1248,31.4138652082998
"A0_3766_YZJHR9240M",2701683,1,58.57,16182,9478,24.814162135232,6704,10.056,41.4287479915956,896894,2,68.78,20819,14320,72.4611827038647,6499,9.0986,31.2166770738268,2006519,4,71.14,2516,1790,3.61820645605648,726,0.2178,28.8553259141494,224734,8,69.93,21948,15349,293.636031931083,6599,2.6396,30.066520867505,1864413,1,NA,NA,10755,NA,NA,NA,NA,399744,9,76.49,21858,16720,128.532260646814,5138,3.0828,23.506267728063,861240,8,73.68,24326,17924,74.3346802285077,6402,5.7618,26.3175203485982,2643972,5,89.24,10401,9282,4.23226872296681,1119,0.4476,10.7585809056821
"E4_3766_LBQHK2693A",2153725,6,43.01,11190,4813,29.6091655155602,6377,9.5655,56.988382484361,847767,3,70.29,22317,15686,78.2172460121708,6631,9.2834,29.7127750145629,1281968,4,95.79,21667,20755,7.11406212947593,912,0.2736,4.20916601283057,2113572,9,55.26,14459,7990,30.6069535364776,6469,2.5876,44.7403001590705,1586562,4,96.85,21410,20736,4.2481793967081,674,0.2696,3.14806165343298,186754,3,47.85,12736,6094,355.655032823929,6642,3.9852,52.1513819095477,2468930,4,60.31,16313,9838,26.2259359317599,6475,5.8275,39.6922699687366,213859,9,70.29,19022,13370,264.286282083055,5652,2.2608,29.7129639364946
"F7_3766_DGEMU5083S",462636,2,64.99,22184,14417,167.885767644541,7767,11.6505,35.0117201586729,1263655,4,14.12,9888,1396,67.2018865908812,8492,11.8888,85.8818770226537,2721387,6,86.22,13073,11271,6.62162345892003,1802,0.5406,13.7841352405722,2019988,3,60.97,20450,12469,39.5101357037765,7981,3.1924,39.0268948655257,1224501,8,91.03,20777,18913,15.2225273805411,1864,0.7456,8.97145882466189,1891630,5,81.3,12620,10260,12.4760127509079,2360,1.416,18.7004754358162,297722,9,22.07,10545,2327,276.02931593903,8218,7.3962,77.9326695116169,884018,5,97.72,12664,12375,3.26916420253886,289,0.1156,2.2820593809223
"G6_3766_MHGAK2243U",1612647,6,67.46,24558,16568,49.5458708570443,7990,11.985,32.535222738008,725903,3,30.52,11414,3483,109.257021943703,7931,11.1034,69.4848431750482,757923,7,87.37,15553,13589,25.9129225528187,1964,0.5892,12.6277888510255,622336,6,59.61,19179,11433,124.466526120938,7746,3.0984,40.3879242921946,2630639,6,88.46,17810,15754,7.81559157299804,2056,0.8224,11.5440763615946,2883661,9,NA,NA,19404,NA,NA,NA,NA,222506,3,NA,NA,6754,NA,NA,NA,NA,1739036,4,NA,NA,10240,NA,NA,NA,NA
"C7_3385_QZUXN3326T",2467643,3,NA,NA,13332,NA,NA,NA,NA,2805398,4,47.2,9555,4510,17.9831881251787,5045,7.063,52.7995813710099,2618242,7,75.98,14142,10745,12.9743545478225,3397,1.0191,24.0206477160232,1866857,4,NA,NA,15148,NA,NA,NA,NA,1999277,6,NA,NA,8177,NA,NA,NA,NA,2699105,2,70.79,20166,14275,21.8257533515739,5891,3.5346,29.2125359516017,1523935,9,50.52,10440,5274,33.899083622333,5166,4.6494,49.4827586206897,513944,1,81.4,24020,19553,86.9160842426412,4467,1.7868,18.5970024979184
"D0_3385_DHUET2270T",383535,8,66.37,23610,15669,207.047596699128,7941,11.9115,33.6340533672173,2599454,10,67.38,25993,17515,32.6145413613782,8478,11.8692,32.616473665987,2187711,5,79.31,9422,7473,8.90885496301842,1949,0.5847,20.6856293780514,1051204,1,42.78,13254,5670,72.1458441938958,7584,3.0336,57.220461747397,1235736,8,86.91,15315,13311,16.2170560702286,2004,0.8016,13.0852105778648,2346410,7,80.47,16160,13004,13.4503347667287,3156,1.8936,19.529702970297,2307911,10,53.68,28453,15273,57.1079214059814,13180,11.862,46.322004709521,440173,9,74.97,24927,18687,141.762443402935,6240,2.496,25.0330966421952
"D1_3385_BJRLF8290Z",1252721,5,61.79,17276,10675,52.6932972305885,6601,9.9015,38.2090761750405,1930886,10,74.54,24569,18314,32.3944551879293,6255,8.757,25.4589116366152,2177539,4,92.5,13196,12206,4.54641684948008,990,0.297,7.50227341618672,150443,10,19.58,12592,2465,673.145310848627,10127,4.0508,80.4240787801779,897318,3,96.92,11195,10850,3.84479080994698,345,0.138,3.08173291648057,2538150,4,74.69,5212,3893,5.1966983826803,1319,0.7914,25.3069838833461,524338,9,70.68,22282,15749,124.595203857054,6533,5.8797,29.3196301947761,1588155,8,38.33,3457,1325,13.424382380813,2132,0.8528,61.6719699161122
"D5_3385_MOULR3080T",2379735,6,56.91,14766,8404,26.7340691295459,6362,9.543,43.0854666124881,134480,10,50,12907,6453,479.922665080309,6454,9.0356,50.0038738668939,1087106,4,97.69,9889,9661,2.09731157771183,228,0.0684,2.30559207199919,2623399,9,74.23,25940,19256,25.4783965382315,6684,2.6736,25.7671549730146,213321,4,98.3,14464,14218,11.5319166889336,246,0.0984,1.70077433628319,1681654,9,68.56,20744,14223,38.7772990163256,6521,3.9126,31.4355958349402,1255537,3,64.81,17824,11552,49.9547205697642,6272,5.6448,35.1885098743267,2922102,10,89.17,15837,14122,5.86906275003405,1715,0.686,10.8290711624676
"E2_3385_YEYWJ5440P",1947700,10,53.95,14099,7607,33.3316219130256,6492,9.738,46.0458188524009,1621563,8,67.47,19306,13026,38.7280666862774,6280,8.792,32.528747539625,2278726,4,98.68,17696,17462,1.02688958654968,234,0.0702,1.32233273056058,238113,2,16.29,7865,1281,276.507372550008,6584,2.6336,83.7126509853783,197109,2,NA,NA,12043,NA,NA,NA,NA,1520461,6,63.37,7013,4444,16.8961913524911,2569,1.5414,36.631969200057,2371175,8,65.18,18169,11843,26.6787563127985,6326,5.6934,34.817546370191,972364,1,39.51,10028,3962,62.3840454809104,6066,2.4264,60.4906262465098
"A1_2821_TBSAV4085K",2298745,2,88.23,22333,19704,11.4366752293099,2629,3.9435,11.7718174898133,1461727,10,98.71,13826,13648,1.21773764868542,178,0.2492,1.28742948068856,1895526,3,91.91,4439,4080,1.89393339896155,359,0.1077,8.08740707366524,1449534,2,98.8,19721,19485,1.62810944758798,236,0.0944,1.19669387962071,2895444,1,93.92,17539,16472,3.68509976362865,1067,0.4268,6.08358515308741,2233258,9,99.86,20082,20054,0.125377363475246,28,0.0168,0.139428343790459,570897,9,86.18,6557,5651,15.8697628468883,906,0.8154,13.8172944944334,2485609,6,65.9,23672,15600,32.4749387373477,8072,3.2288,34.0993578911795
"B8_2821_BSXWV0876V",208694,5,85.82,18534,15905,125.973913960152,2629,3.9435,14.1847415560591,1425845,6,98.75,14186,14008,1.24838253807391,178,0.2492,1.25475821232201,1576159,2,46.3,17273,7998,58.8455860100409,9275,2.7825,53.696520581254,2083517,10,94.72,4470,4234,1.13270014115556,236,0.0944,5.27964205816555,1122632,1,94.32,6583,6209,3.33145679082727,374,0.1496,5.68130031900349,1096958,3,99.95,11430,11424,0.0546967158268594,6,0.0036,0.05249343832021,1952088,9,94.55,16615,15709,4.64118420890861,906,0.8154,5.45290400240746,670462,10,49.14,14027,6893,106.404240657934,7134,2.8536,50.8590575319028
"C2_2821_EHJSC7069U",2919580,1,80.23,13295,10666,9.00471985696573,2629,3.9435,19.7743512598721,208965,5,98.21,9970,9792,8.5181728997679,178,0.2492,1.78535606820461,1266251,9,56.7,24590,13942,84.0907529391882,10648,3.1944,43.3021553477023,816820,5,98.79,19548,19312,2.88925344629172,236,0.0944,1.207284632699,2636493,7,NA,NA,7655,NA,NA,NA,NA,1170731,4,99.71,5164,5149,0.128125077408901,15,0.009,0.290472501936483,2570857,9,86.28,6605,5699,3.52411666615452,906,0.8154,13.7168811506435,1924674,8,NA,NA,13225,NA,NA,NA,NA
"G0_2821_DXJAZ5843J",1092497,6,82.88,15360,12731,24.064139306561,2629,3.9435,17.1158854166667,1467686,10,98.41,11174,10996,1.2127934721732,178,0.2492,1.59298371218901,312445,6,69.12,12078,8348,119.381011057946,3730,1.119,30.8825964563669,462931,10,98,11789,11553,5.0979519626035,236,0.0944,2.00186614640767,1847659,7,81.06,16519,13391,16.9295308279287,3128,1.2512,18.9357709304437,1912075,2,99.22,2566,2546,0.104598407489246,20,0.012,0.779423226812159,471349,4,92.86,12685,11779,19.221426161931,906,0.8154,7.14229404808829,1350450,2,94.89,14863,14103,5.62775371172572,760,0.304,5.11336876808181
"A7_2398_NUFTJ1600G",2526463,6,36.24,8462,3067,21.3539640200549,5395,8.0925,63.755613330182,2407632,6,77.65,26178,20326,24.3060401257335,5852,8.1928,22.3546489418596,1911192,6,80.57,16576,13356,16.8481241026543,3220,0.966,19.4256756756757,295439,4,77.15,24332,18771,188.228365246294,5561,2.2244,22.854676968601,1278051,8,58.04,9061,5259,29.7484216201075,3802,1.5208,41.9600485597616,1370229,4,82.75,21735,17985,27.3676881747504,3750,2.25,17.2532781228433,457004,7,17.69,7121,1260,128.248330430368,5861,5.2749,82.3058559191125,1660627,2,72.54,26859,19484,44.4109363511493,7375,2.95,27.4582076771287
"C8_2398_TJWYZ3451M",1187267,6,69.88,26476,18502,67.16265170345,7974,11.961,30.117842574407,2874541,8,26.2,17573,4604,45.1167682075156,12969,18.1566,73.800717009048,2043352,8,73.05,5625,4109,7.41918181497853,1516,0.4548,26.9511111111111,574604,2,27.55,10481,2888,132.143180346813,7593,3.0372,72.4453773494895,2497248,5,88.39,17168,15174,7.98478965645382,1994,0.7976,11.6146318732526,2548848,10,96.5,21587,20832,2.96212249612374,755,0.453,3.49747533237597,2859163,2,44.97,13755,6185,26.476279946264,7570,6.813,55.0345328971283,1780322,7,75.67,12356,9350,16.8845860467938,3006,1.2024,24.3282615733247
"D0_2398_SHKKM7722O",494751,7,72.23,28625,20676,160.666678793979,7949,11.9235,27.7694323144105,1306025,3,23.83,11108,2647,64.7843647709653,8461,11.8454,76.1703276917537,2807790,8,87.82,16531,14518,7.1693395873623,2013,0.6039,12.1771217712177,2591529,3,67.62,25998,17579,32.486613115269,8419,3.3676,32.3832602507885,783027,4,90.48,16989,15371,20.6633998572208,1618,0.6472,9.52380952380952,1779196,6,50.62,16194,8197,44.9472683167004,7997,4.7982,49.3824873409905,875831,6,NA,NA,691,NA,NA,NA,NA,1177330,9,72.34,11818,8549,27.7662167786432,3269,1.3076,27.6611947876121
"D4_2398_VUTDT3824N",2615821,9,68.08,25119,17102,30.648121564893,8017,12.0255,31.916079461762,435993,10,NA,NA,19510,NA,NA,NA,NA,1109594,7,53.37,3813,2035,16.0238790043926,1778,0.5334,46.6299501704694,831963,4,52.13,16717,8714,96.1941817124079,8003,3.2012,47.8734222647604,1859961,5,54.02,4228,2284,10.4518320545431,1944,0.7776,45.9791863765374,2310832,3,77.62,14940,11597,14.4666509724636,3343,2.0058,22.376171352075,852754,1,69,27344,18868,99.3956052976591,8476,7.6284,30.9976594499707,517368,3,88.85,5822,5173,12.5442624978739,649,0.2596,11.1473720371007
"A5_2243_EZZMH3255W",877522,1,78.02,26121,20380,65.4228611932236,5741,8.6115,21.9784847440756,1353056,4,79.57,25356,20176,38.2837074001372,5180,7.252,20.4290897617921,296452,7,53.52,8020,4292,125.753916316975,3728,1.1184,46.4837905236908,1156336,3,NA,NA,14470,NA,NA,NA,NA,1465172,10,83.41,20429,17040,23.130390152146,3389,1.3556,16.5891624651231,2469606,3,99.87,20135,20108,0.109329180444168,27,0.0162,0.134094859697045,2509462,8,75.21,22821,17164,22.5426804629837,5657,5.0913,24.7885719293633,2717298,10,87.3,19063,16642,8.90958591954213,2421,0.9684,12.699994754236
"B8_2503_XBUWS4053J",2159624,6,48.79,16053,7833,38.0621811945042,8220,12.33,51.2053821715567,1255757,7,69.59,26766,18626,64.8214582916918,8140,11.396,30.4117163565718,438431,4,37.75,6625,2501,94.0626917348454,4124,1.2372,62.2490566037736,664491,2,47.84,15342,7339,120.438049574787,8003,3.2012,52.1639942641116,2061981,7,49.14,8195,4027,20.2135713180674,4168,1.6672,50.8602806589384,564044,8,98.75,4631,4573,1.02828857323188,58,0.0348,1.25242928093284,1665978,7,49.75,16566,8242,49.9646453914758,8324,7.4916,50.2474948690088,539393,10,95.46,14313,13663,12.0505827847228,650,0.26,4.54132606721163
"C4_2503_QOKKY1947M",849021,1,49.16,16407,8065,98.2543423543116,8342,12.513,50.84415188639,1792525,7,21.75,10059,2188,43.9101267764745,7871,11.0194,78.2483348245352,1716625,6,14.32,4909,703,24.5015655719799,4206,1.2618,85.6793644326747,1167049,4,26.46,10789,2855,67.9834351428261,7934,3.1736,73.5378626378719,920371,4,71,14760,10480,46.5029862957438,4280,1.712,28.9972899728997,1089513,4,98.76,4665,4607,0.532347938941527,58,0.0348,1.2433011789925,768457,8,62.43,22542,14072,110.220871174314,8470,7.623,37.5743057403957,2460898,3,75.96,27079,20568,26.4578214944301,6511,2.6044,24.0444624986152
"A6_3987_MJZLW7992Q",2176055,8,64,15952,10210,26.387200691159,5742,8.613,35.9954864593781,548068,3,10.37,5841,606,95.5173445630834,5235,7.329,89.6250642013354,2782913,9,83.85,19075,15994,11.0711330178126,3081,0.9243,16.1520314547837,1982361,10,53.73,10961,5889,25.5856526636672,5072,2.0288,46.2731502600128,2612853,6,79.74,17594,14029,13.6440894302129,3565,1.426,20.2625895191543,2621813,6,96.56,2794,2698,0.366158837415178,96,0.0576,3.43593414459556,1277324,5,73.78,21428,15809,43.9904049403284,5619,5.0571,26.2226992719806,1760147,6,NA,NA,18954,NA,NA,NA,NA
"B2_3987_QYOVQ9494J",2696948,3,42.75,13555,5795,28.7732651871671,7760,11.64,57.2482478790114,2349457,3,63.71,26257,16728,40.5583077281261,9529,13.3406,36.291274707697,2826969,7,88.53,17670,15644,7.1666862990008,2026,0.6078,11.4657611771364,1372757,1,68.14,25388,17300,58.9179293931847,8088,3.2352,31.8575705057507,706214,6,92.07,18793,17303,21.0984205920585,1490,0.596,7.92848401000373,2660398,2,NA,NA,4149,NA,NA,NA,NA,902533,5,NA,NA,11217,NA,NA,NA,NA,2377103,7,36.22,20539,7439,55.1090970816157,13100,5.24,63.7810993719266
"C8_3987_LMLLB0774Y",2190374,4,28.32,9104,2578,29.7939986504588,6526,9.789,71.682776801406,2879556,8,58.78,16567,9738,23.7154616892326,6829,9.5606,41.2204985815175,2523219,1,75.09,3472,2607,3.42816061546778,865,0.2595,24.9135944700461,217127,5,39.84,11135,4436,308.529109691563,6699,2.6796,60.1616524472384,1155346,1,98.8,18785,18560,1.94746855054676,225,0.09,1.19776417354272,1084776,8,99.14,11518,11419,0.91263081041616,99,0.0594,0.859524222955374,2074312,1,75.95,27430,20833,31.803315991037,6597,5.9373,24.0503098796938,1485078,4,22.88,8412,1925,43.6812073170567,6487,2.5948,77.1160247265811
"F3_3987_LCVLM3411K",462114,5,75.36,26137,19696,139.381191654007,6441,9.6615,24.6432260779738,259408,10,71.19,22316,15886,247.872077962129,6430,9.002,28.8134074206847,285720,4,88.83,5067,4501,19.8096038079238,566,0.1698,11.1703177422538,2927467,7,28.95,9662,2797,23.4503070401818,6865,2.746,71.0515421237839,1350909,1,93.77,9073,8508,4.18236905668702,565,0.226,6.22726771740328,1043506,3,94.29,1577,1487,0.86247707248449,90,0.054,5.70703868103995,2010930,6,76.83,27058,20788,31.1796034670526,6270,5.643,23.172444378742,899679,4,66.78,24707,16500,91.2214245303047,8207,3.2828,33.2173068361193
"G5_3987_DNZZO0173R",268135,5,56.9,14970,8518,240.625058272885,6452,9.678,43.0995323981296,2329034,7,75.08,27230,20444,29.1365433050784,6786,9.5004,24.9210429673155,837708,3,93.64,15517,14530,11.7821484335831,987,0.2961,6.36076561190952,695150,6,57.43,15942,9155,97.6336042580738,6787,2.7148,42.5730774055953,1683722,3,94.78,10565,10013,3.27845095568033,552,0.2208,5.22479886417416,2393840,10,98.28,6204,6097,0.446980583497644,107,0.0642,1.72469374597034,2780176,8,13.53,12546,1698,39.0191124590673,10848,9.7632,86.4658058345289,1612721,7,70.54,27474,19379,50.1946709939289,8095,3.238,29.4642207177695
"D1_3168_WZUDH6575E",299779,2,52.73,14017,7391,221.029491725571,6626,9.939,47.271170721267,1620563,9,71.48,23632,16892,41.5904842946556,6740,9.436,28.5206499661476,131567,3,78.33,19964,15637,328.881862473113,4327,1.2981,21.6740132238028,2580613,2,56.29,15306,8615,25.9279481270535,6691,2.6764,43.7148830523978,873842,3,77.34,19170,14826,49.7115039103179,4344,1.7376,22.660406885759,385251,7,99.66,15374,15321,1.37572647442836,53,0.0318,0.3447378691297,2319715,10,74.07,24873,18423,27.8051398555426,6450,5.805,25.9317332046798,1625891,5,63.68,23406,14906,52.2790273148692,8500,3.4,36.3154746646159
"E3_3168_TXYHV7024Y",889059,3,NA,NA,14706,NA,NA,NA,NA,1848905,8,52.02,13007,6766,33.7551145137257,6241,8.7374,47.9818559237334,2560730,1,68.54,12985,8900,15.9524822999691,4085,1.2255,31.4593762033115,2427838,4,48.27,12316,5945,26.2414543309727,6371,2.5484,51.7294576161091,294659,1,68.79,12923,8890,136.870076936391,4033,1.6132,31.2079238566896,1359773,10,49.59,26241,13014,97.2735890475837,13227,7.9362,50.4058534354636,292512,4,73.56,24812,18252,224.264303686686,6560,5.904,26.4388199258423,962888,4,71.59,27008,19335,79.6873572004221,7673,3.0692,28.4101007109005
"E7_3168_FPAZE5326U",557455,2,65.22,23944,15617,149.375285897516,8327,12.4905,34.7769796191113,1030896,8,45.2,14893,6732,79.1641445887849,8161,11.4254,54.7975558987444,797482,6,NA,NA,14411,NA,NA,NA,NA,1756447,10,70.77,28390,20093,47.237405967843,8297,3.3188,29.2250792532582,471079,5,62.5,11057,6911,88.0107158247343,4146,1.6584,37.4966084833137,2161763,10,98.61,3879,3825,0.24979611548537,54,0.0324,1.39211136890951,1589561,6,57.43,30404,17460,81.4312882613501,12944,11.6496,42.5733456124194,1139412,5,62.97,21765,13706,70.729463969135,8059,3.2236,37.0273374684126
"E8_3168_SZFJW2078J",1588719,6,53.33,16813,8966,49.3919944307332,7847,11.7705,46.6722179266044,2756533,4,NA,NA,11175,NA,NA,NA,NA,1956080,8,46.75,7650,3576,20.8273690237618,4074,1.2222,53.2549019607843,2003942,1,67.06,28066,18822,46.1290795841397,9244,3.6976,32.9366493265873,2753811,8,72.84,16037,11681,15.8180790184947,4356,1.7424,27.1621874415414,656339,10,99.48,11571,11511,0.914161736541635,60,0.036,0.518537723619393,2879690,8,57.13,18345,10481,27.3084950116158,7864,7.0776,42.8672662850913,1857000,5,44.91,10036,4507,29.7738287560582,5529,2.2116,55.091669988043
"C6_3416_OEDQP0782J",2546050,7,69.48,22270,15473,26.6962549832093,6797,10.1955,30.5208801077683,2654785,5,NA,NA,15638,NA,NA,NA,NA,312573,2,NA,NA,6876,NA,NA,NA,NA,1273223,5,76.49,27223,20822,50.2739897095795,6401,2.5604,23.513205745142,1520973,5,95,13646,12964,4.48397177333194,682,0.2728,4.99780155356881,1485136,8,75.71,21609,16361,35.3368311050301,5248,3.1488,24.2861770558564,1700553,4,69.83,21278,14859,37.7465448004267,6419,5.7771,30.1673089576088,568884,8,65.16,21100,13749,129.217907341391,7351,2.9404,34.8388625592417
"D2_3416_SQTGQ4793M",643943,7,79.31,25309,20073,81.3115446553499,5236,7.854,20.6882927022008,1166880,1,26.39,6816,1799,42.9949952008776,5017,7.0238,73.606220657277,2352022,9,NA,NA,620,NA,NA,NA,NA,2140290,6,52.58,11864,6238,26.2861574833317,5626,2.2504,47.4207687120701,1767749,8,NA,NA,6308,NA,NA,NA,NA,871310,3,68.03,25770,17531,94.5587678323444,8239,4.9434,31.9712844392705,1183006,10,69.44,17397,12081,44.9363739490755,5316,4.7844,30.5569925849284,934267,4,88.61,7857,6962,9.57970259037299,895,0.358,11.3911162021128
"D8_3416_POVHW2651O",419911,4,44.43,15148,6731,200.447237628926,8417,12.6255,55.5650911011355,2096479,7,70.77,26989,19101,37.6249893273436,7888,11.0432,29.226721997851,2586535,8,44.51,3572,1590,7.66276118436441,1982,0.5946,55.4871220604703,2935338,5,65.05,23592,15346,28.0921651952859,8246,3.2984,34.952526280095,2547988,4,84.09,12694,10674,7.92782383590504,2020,0.808,15.9130297778478,2855196,1,87.6,9059,7936,3.93318006889895,1123,0.6738,12.3965117562645,2274831,5,21,10164,2134,35.2993255323143,8030,7.227,79.004329004329,1099817,1,63.64,16475,10484,54.4726986398646,5991,2.3964,36.3641881638847
"E4_3416_NIJJE7210Y",658484,8,19.8,9694,1919,118.074243261795,7775,11.6625,80.2042500515783,1550460,6,72.61,28603,20769,50.5269403918837,7834,10.9676,27.3887354473307,712940,6,91.98,22525,20719,25.3317249698432,1806,0.5418,8.01775804661487,1549293,5,35.35,12341,4362,51.5009104152668,7979,3.1916,64.6544040191232,2415364,8,87.57,17001,14888,8.74816383783148,2113,0.8452,12.4286806658432,2312027,2,77.1,15307,11802,15.1598575622171,3505,2.103,22.8980205134906,1682241,8,18.46,9409,1737,45.6058317446787,7672,6.9048,81.5389520671697,2249956,5,30.4,2809,854,8.68905880826114,1955,0.782,69.5977216091136
"F9_3416_PPSZF0487D",1471131,5,62.23,21427,13335,55.0052986443763,8092,12.138,37.765436131983,1561042,4,37.21,12079,4495,48.5829337071008,7584,10.6176,62.7866545243812,2292690,8,92.1,18867,17377,6.49891612036516,1490,0.447,7.89738697196163,735236,2,14.04,9017,1266,105.421932549549,7751,3.1004,85.9598536098481,1387936,5,93.11,21805,20302,10.8290295806147,1503,0.6012,6.89291446915845,430846,1,84.15,17414,14654,64.0600121621183,2760,1.656,15.8493166417825,1059145,10,21.79,15709,3423,115.999225790614,12286,11.0574,78.2099433445795,1948721,8,75.07,20483,15376,26.2069326496712,5107,2.0428,24.932871161451
"B0_3882_ZHNPV5233Z",2826135,2,20.59,8577,1766,24.1000518375803,6811,10.2165,79.4100501340795,2290282,6,42.64,11328,4830,28.3720520005833,6498,9.0972,57.3622881355932,914656,2,NA,NA,3302,NA,NA,NA,NA,2884989,7,53.45,13879,7419,22.3917664850715,6460,2.584,46.5451401397795,342156,4,93.02,7913,7361,16.1329919685757,552,0.2208,6.97586250473904,133003,2,11.47,5737,658,381.87108561461,5079,3.0474,88.5305909011679,1830039,4,75.32,25475,19189,34.3489947481994,6286,5.6574,24.6751717369971,372740,9,90.67,15472,14028,38.7401405805655,1444,0.5776,9.3329886246122
"F6_3882_SQMMD3421I",2023763,5,58.23,15563,9062,32.1233266938866,6501,9.7515,41.7721518987342,269281,3,60.3,16210,9775,238.969700795823,6435,9.009,39.697717458359,1493225,2,62.71,2108,1322,5.2637747157997,786,0.2358,37.2865275142315,2900851,4,73.08,24853,18163,23.0621979550139,6690,2.676,26.9182794833622,290843,5,80.38,4954,3982,33.4200926272938,972,0.3888,19.6205086798547,1037519,10,61.39,21359,13112,79.4877009481272,8247,4.9482,38.611358209654,387885,8,75.73,26675,20201,166.905139409877,6474,5.8266,24.269915651359,1249836,10,61.03,11191,6830,34.8925779062213,4361,1.7444,38.9688142257171
"G9_3882_CMDWP0226B",519854,6,62.03,17921,11117,130.882901737796,6804,10.206,37.9666313263769,1172650,5,67.85,20203,13707,55.3958981793374,6496,9.0944,32.1536405484334,2390643,5,99.15,18430,18273,0.656727081375178,157,0.0471,0.851871947911015,2902243,8,73.68,24669,18176,22.3723513158616,6493,2.5972,26.3204831975354,2149389,4,89.52,4943,4425,2.40998721031884,518,0.2072,10.4794659113898,533823,6,39.68,16714,6632,188.864099148969,10082,6.0492,60.3206892425512,973839,2,58.43,15328,8956,65.4317602807035,6372,5.7348,41.5709812108559,1573746,4,62.84,22245,13979,52.5243590770048,8266,3.3064,37.158912115082
"B8_3130_CHBTN0763E",880375,1,6.06,8229,499,87.80349282976,7730,11.595,93.9360797180702,774504,6,37.13,13232,4913,107.410678317994,8319,11.6466,62.8703143893591,1693258,7,85.22,13109,11171,11.4453910744848,1938,0.5814,14.7837363643298,1369112,10,61.69,21366,13180,59.790579587353,8186,3.2744,38.3132079004025,2671751,8,81.24,11386,9250,7.99475699644166,2136,0.8544,18.7598805550676,654834,9,91.51,7778,7118,10.0788902225602,660,0.396,8.48547184366161,1579365,8,19.55,9727,1902,49.5452286203632,7825,7.0425,80.4461807340393,493461,3,NA,NA,8319,NA,NA,NA,NA
"C1_3130_KXKAW2690N",1207894,5,40.08,14136,5666,70.1220471332749,8470,12.705,59.9179400113186,1996308,4,71.26,27037,19266,38.9268589816802,7771,10.8794,28.7420941672523,932389,5,53.9,4050,2183,20.0238312549805,1867,0.5601,46.0987654320988,1180657,2,62.4,21718,13553,69.1564103715135,8165,3.266,37.5955428676674,2591716,5,86.23,11153,9617,5.92657528834178,1536,0.6144,13.7720792611853,2728210,1,90.38,16834,15214,5.93795932131324,1620,0.972,9.62338125222763,165832,8,36.87,12962,4779,493.451203627768,8183,7.3647,63.1306897083783,1837134,9,58.2,28572,16628,65.014310333378,11944,4.7776,41.8031639367213
"E4_3130_CMDRV5249Y",2931811,2,58.03,15153,8793,21.693076395443,6360,9.54,41.971886755098,295433,7,44.86,12334,5533,230.204479526661,6801,9.5214,55.1402626885033,1697849,4,90.73,7164,6500,3.91083070402609,664,0.1992,9.26856504745952,193483,4,62.13,17052,10594,333.776094023764,6458,2.5832,37.8723903354445,288568,5,75.93,2850,2164,23.7725596739763,686,0.2744,24.0701754385965,1592737,4,57.29,17775,10184,47.6600970530602,7591,4.5546,42.7060478199719,2000329,6,57.68,14896,8592,31.5148158127988,6304,5.6736,42.3200859291085,2176781,10,82.36,4542,3741,3.67974545900575,801,0.3204,17.6354029062087
"F9_3130_FHXHX7393D",983371,4,71.38,22295,15914,64.8890398435585,6381,9.5715,28.6207669881139,576132,4,45.18,11807,5334,112.352724722807,6473,9.0622,54.8234098416194,1461329,5,NA,NA,11341,NA,NA,NA,NA,228755,5,61.24,16147,9889,273.567790867959,6258,2.5032,38.7564253421688,1156613,1,96.51,8749,8444,2.63700995925171,305,0.122,3.48611269859413,316754,6,95.7,18515,17718,25.1614817808141,797,0.4782,4.3046178773967,885336,10,48.38,13347,6457,77.8235607724073,6890,6.201,51.6220873604555,2046032,10,95.38,18408,17557,4.15927023624264,851,0.3404,4.62299000434594
"G3_3130_IWOKW7698T",617724,8,50.59,13877,7021,110.988078818372,6856,10.284,49.4054911003819,2556699,5,52.59,13751,7231,25.5016331605715,6520,9.128,47.4147334739292,2337544,4,85.79,7376,6328,4.48333806764707,1048,0.3144,14.2082429501085,1149470,8,63.07,17619,11112,56.6086979216509,6507,2.6028,36.931721437085,1108124,4,95.39,1824,1740,0.758037909114864,84,0.0336,4.60526315789474,759173,5,76.85,10810,8308,32.9569149587775,2502,1.5012,23.145235892692,2115573,4,65.03,18205,11838,30.0958652809428,6367,5.7303,34.9739082669596,2262929,8,73.09,8512,6221,10.1240471972386,2291,0.9164,26.9149436090226
"B3_3014_JPUSY6477V",417069,4,65.76,19104,12563,156.832562477672,6541,9.8115,34.2389028475712,2272954,5,17.25,7663,1322,27.8976169337347,6341,8.8774,82.7482709121754,792323,4,24.35,13339,3248,127.359675283944,10091,3.0273,75.6503486018442,622671,1,74.82,27029,20222,109.319367691767,6807,2.7228,25.1840615635059,860483,3,96.98,8023,7781,2.8123739806597,242,0.0968,3.01632805683659,1049040,2,29.93,10245,3066,68.4339967970716,7179,4.3074,70.0732064421669,1542548,5,75.14,26417,19851,42.565936359841,6566,5.9094,24.8552068743612,2196317,6,99.51,4279,4258,0.09561461300896,21,0.0084,0.490768871231596
"C1_3014_TBZWC8575A",1904309,8,66.38,20146,13372,35.5719581223425,6774,10.161,33.624540851782,2546329,10,20.67,8277,1711,25.7861415394476,6566,9.1924,79.3282590310499,2948876,3,96.49,11496,11092,1.37001352379686,404,0.1212,3.5142658315936,1307386,10,70.3,21550,15149,48.9602917577517,6401,2.5604,29.7030162412993,885518,1,96.68,19996,19332,7.49843594370753,664,0.2656,3.32066413282657,811217,10,75.14,22235,16707,68.1445285293577,5528,3.3168,24.8617045199011,1625786,4,71.57,22234,15913,38.8796557480505,6321,5.6889,28.4294324008276,2929967,6,54.16,10713,5802,16.7612809291026,4911,1.9644,45.8415009801176
"F5_3014_EHHQW1282K",1618199,4,76.33,21191,16175,30.9974236790407,5016,7.524,23.6704261242981,294535,2,57.15,29648,16943,431.357903135451,12705,17.787,42.8528062601187,1687162,8,83.56,22873,19113,22.2859452737793,3760,1.128,16.4385957242163,903800,5,76.98,22737,17503,57.9110422659881,5234,2.0936,23.0197475480494,2731678,6,84.64,23955,20275,13.4715731502761,3680,1.472,15.3621373408474,1266252,8,37.73,9351,3528,45.986107030828,5823,3.4938,62.2714148219442,1743963,10,77.92,24453,19053,30.9639596711627,5400,4.86,22.0831799779168,1362768,6,79.42,13403,10645,20.2382210324868,2758,1.1032,20.5774826531374
"G4_3014_MLWOP0112K",1868108,3,NA,NA,16490,NA,NA,NA,NA,612722,8,NA,NA,19910,NA,NA,NA,NA,2669002,7,81.95,20819,17061,14.0801692917428,3758,1.1274,18.0508189634469,1639440,10,73.63,19168,14113,30.8336993119602,5055,2.022,26.3720784641068,298686,6,69.93,10577,7397,106.466322492517,3180,1.272,30.0652358891935,2169671,10,63.06,7954,5016,13.5412235311252,2938,1.7628,36.9373899924566,886640,1,72.53,21076,15287,65.2914373364612,5789,5.2101,27.4672613399127,378687,3,64.12,22670,14536,214.794804152242,8134,3.2536,35.880017644464
"A1_2340_RLDVA9774M",680123,5,32.48,8701,2826,86.3814339465067,5875,8.8125,67.5209746006206,619323,2,31.87,7698,2453,84.6892493900598,5245,7.343,68.1345804104962,1512786,8,86.65,23929,20735,21.1133630268921,3194,0.9582,13.3478206360483,2266911,1,NA,NA,11098,NA,NA,NA,NA,2262316,10,83.91,21037,17652,14.9625428101114,3385,1.354,16.090697342777,1465119,3,79.41,20471,16256,28.7689941909155,4215,2.529,20.5901030726393,2062361,7,72.65,18795,13654,24.9277405846988,5141,4.6269,27.3530194200585,2790232,3,78.48,18028,14148,13.905653723418,3880,1.552,21.5220767694697
"B0_2340_FRVQY1408B",1989513,6,59.23,12935,7661,26.5089999411916,5274,7.911,40.7730962504832,816689,5,71.72,18943,13586,65.5941245688383,5357,7.4998,28.2795755688117,1157566,10,63.57,10539,6700,33.164415679106,3839,1.1517,36.4266059398425,1831056,10,54.91,12158,6676,29.9390078730525,5482,2.1928,45.0896529034381,2430109,9,84.53,23187,19600,14.7606547689836,3587,1.4348,15.4698753611938,1363263,1,61.17,15914,9735,45.3250766726596,6179,3.7074,38.8274475304763,1347043,6,NA,NA,4100,NA,NA,NA,NA,1746596,8,99.75,14245,14210,0.200389786762365,35,0.014,0.245700245700246
"F6_2340_KETDX4705F",1618108,5,NA,NA,19965,NA,NA,NA,NA,2120693,9,65.97,23842,15729,38.2563624249243,8113,11.3582,34.0281855549031,1266490,5,81.02,9416,7629,14.1098626913754,1787,0.5361,18.9783347493628,710135,1,65.31,22401,14630,109.429897132235,7771,3.1084,34.6904156064461,2590030,4,86.3,12260,10580,6.48641135430864,1680,0.672,13.7030995106036,1287300,6,NA,NA,14367,NA,NA,NA,NA,503756,3,53.75,16371,8799,150.310864783745,7572,6.8148,46.2525196994686,2569426,9,94.46,20365,19237,4.39008556774937,1128,0.4512,5.53891480481218
"G2_2340_PHEWD0888Q",2027305,10,69.44,25031,17381,37.7348252976242,7650,11.475,30.5621029922896,2766377,10,23.53,10779,2536,29.7970956236261,8243,11.5402,76.4727711290472,1504115,5,72.72,6407,4659,11.6214518171815,1748,0.5244,27.2826595910723,2550275,7,71.11,29243,20794,33.1297605160228,8449,3.3796,28.892384502274,1930370,4,92.19,21754,20054,8.80660184316996,1700,0.68,7.81465477613312,2894419,2,84.88,22455,19059,11.7329246387617,3396,2.0376,15.123580494322,170188,8,53.19,17121,9107,470.891014642631,8014,7.2126,46.8080135506104,1325909,1,74.77,9534,7129,18.1384997009599,2405,0.962,25.2255087056849
"G4_2340_OYNNG0873T",1847384,3,56.93,18213,10369,42.4600407928184,7844,11.766,43.0681381430846,1680224,4,71.18,26467,18839,45.3987087435961,7628,10.6792,28.8207957078626,1243820,5,91.1,21416,19509,15.3318004212828,1907,0.5721,8.90455734030631,2248974,5,51.45,16394,8434,35.3939174041141,7960,3.184,48.5543491521288,2718109,8,80.06,7965,6377,5.84229697926021,1588,0.6352,19.9372253609542,1522955,3,66.14,23664,15652,52.6082517211605,8012,4.8072,33.8573360378634,2698958,3,52.64,17560,9244,30.8118911076052,8316,7.4844,47.3576309794989,242485,2,76.95,16481,12682,156.669484710394,3799,1.5196,23.0507857532917
